<install>

	<version>2.1</version>
	<author>Mehmet Akten</author>
	<url>code.google.com/p/ofxmsaof/</url>
	
    <requires>
	</requires>
    
	<add>	
		<src>
			<folder name="addons/ofxMSAInteractiveObject/src">			
				<file>../../../addons/ofxMSAInteractiveObject/src/ofxMSAInteractiveObject.h</file>
				<file>../../../addons/ofxMSAInteractiveObject/src/ofxMSAInteractiveObject.cpp</file>
			</folder>
		</src>

		<include>
			<path>../../../addons/ofxMSAInteractiveObject/src</path>
		</include>
		
		<link>
		</link>

	</add>
	
</install>
